lib_name,week_down
sequelize,"545,680"
marked,"2,802,799"
validator,"3,179,839"
electron,"282,528"
editor.md,286
bootstrap,"2,206,895"
serve,"267,537"
keystone,"3,202"
rendertron,328
hapi,"195,037"
lodash,"26,699,633"
jquery-ui,"396,962"
jquery,"3,294,458"
npm,"1,779,936"
ejs,"5,295,678"
dns-sync,"3,658"
openpgp,"24,534"
handlebars,"8,380,313"
send,"12,861,321"
qs,"32,388,418"
auth0-js,"170,087"
simplehttpserver,371
public,297
moment,"11,242,402"
remarkable,"274,260"
next,"409,150"
materialize-css,"31,286"
safer-eval,"43,213"
uglify-js,"14,989,426"
is-my-json-valid,"1,495,473"
crud-file-server,1
status-board,164
keycloak-connect,"21,363"
i18next,"902,590"
generator-jhipster,"36,619"
serialize-to-js,"138,889"
parse-server,"21,465"
ecstatic,"296,550"
tar,"13,639,618"
realms-shim,249
http-live-simulator,20
http-file-server,2
html-pages,54
html-janitor,528
sanitize-html,"811,591"
hekto,6
harp,"1,195"
mixin-deep,"11,191,313"
glance,7
mcstatic,2
buttle,5
mustache,"1,361,826"
localhost-now,5
mapbox.js,"8,240"
tough-cookie,"24,122,625"
assign-deep,"44,416"
mqtt-packet,"177,445"
total.js,"1,796"
mathjs,"220,754"
m-server,2
ws,"21,340,844"
mongoose,"734,282"
mongo-express,"1,013"
mongodb-instance,2
pg,"1,203,113"
pennyworth,1
mqtt,"158,148"
pdfinfojs,29
ms,"43,397,584"
msrcrypto,"3,182"
passport-wsfed-saml2,"1,799"
mongose,306
pym.js,"3,816"
qbs,1
passport-azure-ad,"32,337"
mssql-node,2
mssql.js,2
mockserve,4
query-mysql,1
parsejson,"557,180"
phantomjs-cheniu,6
picard,1
pk-app-wonderbox,1
mpath,"657,761"
protobufjs,"2,783,581"
product-monitor,3
printer,635
morgan,"2,212,990"
morris.js,"23,692"
proxy.js,2
prince,"1,139"
mosca,"3,338"
prebuild-lwip,1
pouchdb,"20,092"
pooledwebsocket,1
pomelo,249
poco,1
myserver.alexcthomas18,1
pngcrush-installer,36
plotly.js,"56,292"
ps,162
node-fabric,1
parcel-bundler,"113,397"
mystem,5
node-jose,"128,309"
nodeffmpeg,1
nodefabric,2
nodecaffe,1
nes,"6,381"
nodebb,5
nodeaaaaa,1
node.extend,"312,776"
node-tkinter,1
node-thulac,1
node-srv,28
node-sqlite,20
node-simple-router,187
no-case,"5,741,607"
node-server-forfront,1
node-serialize,"1,427"
node-red-dashboard,"15,249"
node-openssl,2
node-browser,117
node-bsdiff-android,1
node-opensl,3
node-opencv,33
nodemailer-js,3
nodemailer.js,6
quickserver,1
open-device,1
mystem-fix,4
pannellum,"2,604"
operadriver,76
openssl.js,64
mystem-wrapper,1
openframe-image,11
openframe-glslviewer,3
openframe-ascii-image,1
opencv.js,185
nw-with-arm,2
negotiator,"12,470,396"
nw,"2,304"
nunjucks,"278,184"
ntfserver,9
mystem3,9
nodewebkit,18
nodesqlite,1
nodeschnaps,"1,517"
noderequest,2
native-opencv,1
nodemssql,1
22lixian,3
randomatic,"3,874,666"
sqlite.js,7
tomita,3
tmock,1
tkinter,9
tinyserver2,1
tiny-json-http,"40,037"
timespan,"237,205"
tianma-static,3
tar-fs,"1,429,718"
takeapeek,6
syntax-error,"580,436"
sync-exec,"98,785"
swagger-ui,"85,956"
superagent,"3,175,621"
string,"96,763"
strider-sauce,1
strapi,"11,519"
steroids,4
stattic,20
statichttpserver,2
static-resource-server,5
static-html-server,8
static-eval,"1,156,684"
st,"8,485"
ssri,"11,046,655"
sspa,1
sshpk,"13,988,267"
sqlserver,12
tomita-parser,6
ua-parser,"8,889"
uap-core,83
webpack-dev-server,"6,404,124"
yapi-vendor,94
xterm,"132,197"
xd-testing,3
wixtoolset,1
windows-seleniumjar-mirror,1
windows-seleniumjar,1
windows-iedriver,1
windows-build-tools,"15,737"
whispercast,1
whereis,"3,879"
webtorrent,"2,974"
webrtc-native,3
webdrvr,64
unicode,"100,774"
webdriver-launcher,9
waterline-sequel,"7,859"
wasdk,134
verdaccio,"14,777"
valine,919
utahcityfinder,1
useragent,"1,875,916"
url-parse,"7,195,822"
uri-js,"13,364,768"
unzipper,"661,404"
unicorn-list,1
unicode-json,31
sqliter,2
socket.io,"3,175,028"
react-dev-utils,"3,707,617"
soci,1
selenium-download,"6,296"
selenium-chromedriver,24
selenium-binaries,65
selectize-plugin-a11y,"4,761"
scalajs-standalone-bin,1
scala-bin,1
sauce-connect,11
samlify,"8,200"
saml2-js,"19,608"
sails,"28,114"
safe-eval,"42,563"
rtcmulticonnection-client,2
rs-brightcove,5
robot-js,184
ritp,2
riot-compiler,"6,432"
restify,"117,186"
restafary,630
resourcehacker,32
minimatch,"17,206,427"
request,"18,596,380"
renovate,"93,529"
reecerver,1
reduce-css-calc,"1,970,802"
redis-srvr,1
react-native-baidu-voice-synthesizer,3
react-dom,"6,342,023"
selenium-portal,1
selenium-standalone-painful,1
selenium-wrapper,1
shell-quote,"5,484,427"
smb,3
smartbanner.js,"6,462"
sly07,1
slug,"99,675"
slpjs,360
slp-validate,2
slimerjs-edge,10
simplemde,"23,209"
simple-npm-registry,1
simple-markdown,"14,704"
simditor,262
shout,297
shave,"11,171"
semver,"49,293,728"
shadowsock,1
sfml,43
sexstatic,394
set-value,"13,647,860"
serverxxx,1
serverabc,1
serve-index,"5,697,202"
serve-here,7
serialize-javascript,"9,451,211"
serc.js,1
seneca,"9,200"
sencisho,7
resolve-path,"255,346"
markdown-pdf,"4,846"
min-http-server,1
csrf-lite,16
debug,"58,382,014"
datachannel-client,1
dalek-browser-ie-canary,1
dalek-browser-ie,1
dalek-browser-chrome-canary,4
dalek-browser-chrome,3
d3.js,115
cyberchef,190
cyber-js,2
curses,29
cue-sdk-node,2
csv-parse,"770,393"
cryptiles,"2,445,556"
deep-extend,"9,948,685"
cryo,"1,676"
crumb,"1,953"
crossenv,"1,032"
cordova-plugin-ionic-webview,"49,000"
cookie-signature,"10,385,703"
content,"183,942"
console-io,579
connect-pg-simple,"10,535"
commentapp.stetsonwood,1
coffescript,35
coffe-script,12
cofeescript,2
decamelize,"13,326,580"
deeply,"1,822"
codem-transcode,2
engine.io-client,"3,893,709"
eye.js,7
exxxxxxxxxxx,2
extend,"15,298,457"
express-restify-mongoose,"1,105"
express-cart,20
express,"11,794,853"
exceljs,"111,866"
ewgaddis.lab6,1
event-stream,"1,779,688"
ethereumjs-vm,"61,267"
eslint-utils,"7,241,288"
eslint-config-eslint,"3,997"
ember,"2,053"
embedza,406
electron-packager,"45,496"
elding,1
egg-scripts,"3,916"
easyquick,2
dwebp-bin,2
droppy,210
dojox,"1,372"
discordi.js,2
dgard8.lab6,2
desafio,2
defaults-deep,"24,664"
cofee-script,3
cobalt-cli,149
mime,"25,055,360"
anywhere,401
backbone,"495,863"
babelcli,29
axios,"8,022,694"
aws-lambda-multipart-parser,"3,271"
augustine,8
atom-node-module-installer,12
atob,"10,859,744"
arrayfire-js,21
arcanist,11
appium-chromedriver,"53,325"
apk-parser2,4
apex-publish-static-files,15
angular-http-server,"5,552"
baryton-saxophone,1
angular,"481,989"
alto-saxophone,"1,005"
airbrake,"3,356"
air-sdk,27
aerospike,"1,286"
aegir,"4,871"
aedes,"2,297"
adm-zip,"1,907,121"
Haraka,"1,396"
@risingstack/protect,323
@nuxt/devalue,"160,206"
@cubejs-backend/api-gateway,991
badjs-sourcemap-server,1
bassmaster,503
co-cli-installer,3
censorify.tanisjr,2
cmake,84
cloudpub-redis,2
closurecompiler,309
closure-util,"6,747"
cli,"575,008"
clang-extra,1
ckeditor,"49,159"
citypredict.whauwiller,1
chromedriver126,26
chromedriver,"383,972"
charset,"158,685"
centra,"7,052"
calmquist.static-server,1
bionode-sra,1
call,"191,471"
cached-path-relative,"550,874"
byucslabsix,1
bson,"1,427,769"
broccoli-closure,2
bracket-template,38
brace-expansion,"13,946,004"
box2d-native,1
bower,"363,902"
blueimp-file-upload,"198,817"
bkjs-wand,46
bitty,2
f2e-server,13
fabric-js,6
fast-http-cli,1
jquery.js,143
kindlegen,120
kill-port,"25,596"
jwt-simple,"151,165"
jvminstall,1
just-extend,"1,762,938"
jstestdriver,1
jsonwebtoken,"4,105,579"
jshamcrest,488
jser-stat,2
js-yaml,"15,252,281"
js-given,364
jquey,41
jquery-file-upload,424
knightjs,1
jpv,52
jn_jj_server,6
jikes,1
jdf-sass,19
jadedown,1
iter-http,2
ipip-coffee,1
ipip,7
iobroker.web,"3,397"
iobroker.js-controller,"10,141"
intsol-package,2
install-nw,13
knex,"445,244"
lab6.brit95,1
fastify,"94,994"
mariadb,"11,943"
method-override,"446,907"
metascraper,"9,824"
merge-recursive,"4,697"
merge-options,"287,537"
merge-object,5
merge-deep,"2,379,489"
merge,"2,222,933"
memjs,"7,911"
mathjax,"15,393"
massif,3
@ckeditor/ckeditor5-link,"8,661"
https-proxy-agent,"10,827,974"
http-proxy,"7,345,946"
yarn,"1,465,296"
marionette-socket-host,1
macaddress,"280,142"
lab6drewfusbyu,1
macaca-chromedriver-zxa,5
macaca-chromedriver,189
ltt,1
looppake,1
lodahs,4
list-n-stream,153
limbus-buildgen,3
libxl,169
libsbmlsim,1
libsbml,1
libnmap,237
larvitbase-api,21
install-g-test,2
insight-api,85
infraserver,2
geoip-lite-country,24
grunt-webdriver-qunit,2
grunt-images,10
grunt-gh-pages,962
grunt-ccompiler,7
growl,"3,647,663"
goserv,1
google-closure-tools-latest,1
gomeplus-h5-proxy,1
go-ipfs-dep,"2,375"
gitlabhook,5
git-dummy-commit,300
getcityapi.yoehoehne,1
general-file-server,2
imageoptim,66
geddy,526
galenframework-cli,"2,026"
fuseki,2
fresh,"11,352,820"
forwarded,"10,221,121"
forms,"1,279"
flintcms,5
fis-sass-all,1
fis-parser-sass-bin,1
fibjs,2
ffmepg,215
fbr-client,1
gruntcli,16
gun,"1,223"
hapi-auth-jwt2,"25,760"
hawk,"2,234,330"
ikst,3
igniteui,4
iedriver,"9,028"
ibm_db,"7,588"
ibapi,4
i18n-node-angular,57
hubl-server,2
httpsync,9
http_static_simple,1
http-signature,"14,822,537"
http-proxy.js,2
html-pdf,"73,820"
hostr,78
hoek,"4,380,162"
highcharts,"548,501"
hftp,2
herbivore,8
healthcenter,7
headless-browser-lite,1
haxeshim,9
haxe3,4
haxe-dev,2
haxe,183