lib_name,lib_id,github_link,version
highcharts,126833058,https://github.com/josemotanet/highcharts-vue-webpack-error-13,^6.0.7
ecstatic,72541332,https://github.com/Cofunders/cofunders.github.io,^2.1.0
electron,87210574,https://github.com/Zentomic/Admin-Web,^1.4.15
electron-packager,107505614,https://github.com/ys-yancy/web-trading,^8.1.0
protobufjs,193252499,https://github.com/Gabolicious/AlfredBot,^6.8.6
egg-scripts,179221562,https://github.com/Jessie-D/adminSys,^2.1.0
blueimp-file-upload,135620576,https://github.com/jupitergod/react.js_mine,9.18.0
ssri,120877923,https://github.com/pzurowski/live-coding-paczek,^5.2.2
forwarded,156573663,https://github.com/heylch/cs5200_project,^0.1.0
ssri,4580780,https://github.com/npm/npm-registry-client,^5.2.4
mathjs,106742621,https://github.com/NeuroWorld/Server,^3.16.5
i18next,136800613,https://github.com/anekpattanakij/next-js-real-world-boilterplate,^11.3.3
brace-expansion,117845619,https://github.com/cyril-dev/Test,^1.1.8
egg-scripts,184538116,https://github.com/Hongpingxu/webStudy,^2.11.0
i18next,202875300,https://github.com/Alex-Noir/react_e-commerce_online_store,^19.0.3
socket.io,85766036,https://github.com/MechETechE/plotql,file:lib/arctic_modules/socket.io
jwt-simple,143301993,https://github.com/jeffywin/jwt,^0.5.1
morris.js,127732195,https://github.com/koteshsip/luangularApp,^0.5.0
selenium-download,88683387,https://github.com/atlyons/POM-Nightwatch.js,^2.0.7
egg-scripts,188014577,https://github.com/wuhao930406/EggBackend,^2.11.0
url-parse,162364318,https://github.com/reserveMe/reviews-service,^1.4.4
decamelize,122840320,https://github.com/webpack-contrib/webpack-command,^2.0.0
sync-exec,96542345,https://github.com/nlhuykhang/react-switchcase-condition,^0.6.2
syntax-error,40076883,https://github.com/Kureev/browserify-patch-server,^1.1.4
ibm_db,55600733,https://github.com/szbra/orders-api-toolchain-demo-1459942247360,>=0.0.1
dalek-browser-chrome,16172792,https://github.com/filipelinhares/autoput,0.0.10
grunt-gh-pages,18666662,https://github.com/futoase/presentation-docker-meetup-tokyo-2,~0.6.0
grunt-gh-pages,12911986,https://github.com/michaeltaranto/slides-feature-flags,~0.6.0
express,107969181,https://github.com/ruyu0722/nodejs-express-ts-ioc,^4.16.1
jquery-file-upload,200898509,https://github.com/jmxgithub/aus_web_app,^4.0.5
reduce-css-calc,153144050,https://github.com/Zhouzi/sentry-buddy,^2.1.5
decamelize,62885869,https://github.com/Naramsim/Nppi,^1.2.0
fastify,177109051,https://github.com/compasss/mock-server,^2.1.0
valine,214934252,https://github.com/Rackar/rackar.github.io,^1.3.10
aegir,136801994,https://github.com/xStorage/xS-js-peer-book,^13.0.6
i18next,184626517,https://github.com/lgkonline/react-i18n-example,^15.1.0
ssri,161723625,https://github.com/S2121596831/ending,^6.0.0
is-my-json-valid,230319724,https://github.com/FabianRussi/vinfolio-pro,2.13.1
nw,34987591,https://github.com/vshjxyz/nwjs-print-server,^0.12.1
blueimp-file-upload,16755478,https://github.com/iamdanielkim/spectrum,*
jwt-simple,89867420,https://github.com/victorpwc/journey-builder-custom-hello-world-master,0.1.0
keycloak-connect,197928751,https://github.com/deepstreamIO/deepstream.io-example-plugins,^7.0.1
xterm,134170183,https://github.com/xtermjs/xterm-addon-ligatures,^3.6.0
blueimp-file-upload,133299843,https://github.com/ShazaAkmalina/Class-Central,9.18.0
fastify,148041228,https://github.com/TheNoim/fastify-loader,^2.0.0
node-serialize,218620854,https://github.com/layro01/node-api-goat,0.0.4
blueimp-file-upload,88423994,https://github.com/npmdoc/node-npmdoc-blueimp-file-upload,*
safe-eval,143461293,https://github.com/zakkudo/translation-static-analyzer,^0.4.1
next,219267398,https://github.com/vincebrown/sick-fits,^7.0.0
handlebars,62809835,https://github.com/Dborns/handlebars-restaurant,^4.0.5
