jquery,121705180,https://github.com/Hanhubber/Blood-thirst-Trooper,^2.2.4
product-monitor,64733233,https://github.com/connected-web/paws,^2.2.4
qs,24956563,https://github.com/apechimp/urlencoded-request-parser,^2.2.4
qs,24794773,https://github.com/phamann/wedding-holding-page,^2.2.4
swagger-ui,82395834,https://github.com/coderofsalvation/expressa-swagger,^2.2.8
is-my-json-valid,53541508,https://github.com/carlansley/swagger2,^2.20.0
moment,114626477,https://github.com/dulichan/ts-rollup,^2.20.0
ws,85406740,https://github.com/chrisMYchen/RippleWS,^2.2.1
hostr,61785423,https://github.com/aronallen/snabbdom-stylematic,^2.2.10
centra,216827400,https://github.com/Kanabayashi/KanaBot,^2.2.2
aerospike,65239273,https://github.com/GavinDmello/mqemitter-aerospike,^2.2.0
centra,161384567,https://github.com/FuturisticCake/chatclient,^2.2.0
crumb,25357897,https://github.com/muzzley/muzzley-idk,^2.2.0
csv-parse,134336145,https://github.com/johnnyl-bcit/bcit-comp4900-ci-dashboard,^2.2.0
handlebars,32889607,https://github.com/solidgoldpig/handlebars.el,>=0.0.0
charset,6122604,https://github.com/fengmk2/urlexpand,>=0.0.1
cookie-signature,13470496,https://github.com/dperezrada/web_http_proxy,>=0.0.1
ibm_db,21612187,https://github.com/omarayad1/ibm-server-node,>=0.0.1
no-case,164626515,https://github.com/alvinzxf/antd-practise,^2.3.2
openpgp,62176575,https://github.com/brycepj/ab-easy,^2.3.2
samlify,106156922,https://github.com/Roma-JS/spid-node,^2.3.2
tough-cookie,158890632,https://github.com/evasjs/netease-music-api-server,^2.3.2
riot-compiler,57357324,https://github.com/saurshaz/riot-play,^2.3.23
simditor,163275042,https://github.com/RGKrish183/crud_nodejs_ejs_mongodb,^2.3.23
blueimp-file-upload,143473773,https://github.com/vulkanojs/vulkano,^10.5.0
i18next,123111366,https://github.com/nico29/gatsby-url-translation-example,^10.5.0
hapi,23800320,https://github.com/parkerproject/Dealsbox-landing,^10.4.0
aegir,65566632,https://github.com/ipfs/js-fs-pull-blob-store,^11.0.0
console-io,4585500,https://github.com/coderaiser/cloudcmd,^11.0.0
libnmap,116556548,https://github.com/RedMaps/SmarthomeAPI,^0.4.9
negotiator,27022077,https://github.com/mrcalder/webwareproject3-back,^0.4.9
fastify,92041045,https://github.com/fastify/fastify-bankai,^0.40.0
mongo-express,176827548,https://github.com/fullmetalblanket/fmb-locations-api,^0.40.0
nw,204218915,https://github.com/Thann/bouey,^0.40.1
Haraka,115208982,https://github.com/trentmillar/haraka-test,^2.8.16
grunt-gh-pages,22890893,https://github.com/octavioturra/color-picker,~0.9.1
hapi,171983373,https://github.com/guokangf/hapiJs-demo,^18.1.0
mustache,18052481,https://github.com/twolfson/reverse-mustache,~2.3.0
ssri,136845206,https://github.com/oranthony/site-perso-v2,^6.0.1
url-parse,141933595,https://github.com/codermarcos/jogo-da-velha-api,^1.4.4
tough-cookie,204246351,https://github.com/hieuctfe/Luan_Tool,^2.5.0
tiny-json-http,206953569,https://github.com/R3us/begin-graphql-api,^7.1.2
timespan,64119748,https://github.com/idollo/xforever,~2.3.0
ssri,167991432,https://github.com/IntelligentMap/Cartographer,^5.2.2
selenium-download,121117527,https://github.com/tombrereton/solenyaFront,^2.0.10
resolve-path,42592920,https://github.com/bbqsrc/koa-rutt,^1.3.1
protobufjs,117833031,https://github.com/FredyXue/sy-pbjs,^6.8.4
node.extend,179091066,https://github.com/mlapinm/nodechate,~1.0.9
mariadb,160544656,https://github.com/victor0801x/fastify-mariadb,^2.1.5
is-my-json-valid,37050973,https://github.com/sethvincent/accountdown-model,^2.12.0
i18next,140071613,https://github.com/sabarnac/giveaway-webapp,^15.1.1
highcharts,193373292,https://github.com/Devang142/devang-helper,7.1.1
gun,127675636,https://github.com/aknuds1/catbox-gun,^0.9.991
handlebars,69048614,https://github.com/dtb10/-Project2,^4.0.5
fastify,187172896,https://github.com/AJEETX/fastify-api-nodejs,^1.13.0
fast-http-cli,88548384,https://github.com/JacksonGL/NPM-Vuln-PoC,0.0.8
f2e-server,132638194,https://github.com/shyf2015/onlineResume,^2.9.3
electron,67499159,https://github.com/dankennedy/electron-sso-saml,^1.3.4
egg-scripts,150836460,https://github.com/yuliang0912/freelog-statistics-service,^2.12.0
deeply,81337327,https://github.com/gugathis/yoKoScaffolding,~0.1.0
csv-parse,159786871,https://github.com/suXinjke/RBRCZScraper,^4.0.1
coffe-script,105516141,https://github.com/steven9neuf/ece-nodejs2017,0.0.1-security
csv-parse,170827447,https://github.com/GrimirCZ/HackatonKhkAPI,^4.3.4
cookie-signature,157018822,https://github.com/rodineiti/rest-api-node-express-turbo-cli,1.0.6
closurecompiler,28007298,https://github.com/jackokring/node,^1.5.1
brace-expansion,111574620,https://github.com/eXist-db/packagemanager,^1.1.4
aegir,65566632,https://github.com/ipfs/js-fs-pull-blob-store,^11.0.0
js-yaml,221476506,https://github.com/ssube/js-yaml-schema,3.13.1
knex,189779234,https://github.com/kodemia/dogAPI,^0.17.2
macaca-chromedriver,56483649,https://github.com/macacajs/macaca-chrome,^1.2.3
morris.js,111186222,https://github.com/llenroc/BookLibraryAngular,^0.5.0
nunjucks,25238787,https://github.com/travist/juckstrap,^1.1.0
sequelize,203054494,https://github.com/alxmcr/login-passport-jwt,^5.15.1
sshpk,209342863,https://github.com/lisawilliams/7Ways,^1.16.0
sync-exec,78751876,https://github.com/vrk-kpa/e-identification-fake-vtj-public,^0.6.2
ws,203203210,https://github.com/meta1-blockchain/meta1js-ws-testnet,^4.1.0
yarn,157133697,https://github.com/cinderblock/node-server-ui-base,^1.21.1
morgan,183341116,https://github.com/PeterMorganGH/143chars,^1.9.1
mongose,224801679,https://github.com/Amirullah23/newapi,^0.0.2-security
marked,157629126,https://github.com/mwickett/marked-frontmatter-loader,^0.5.1
i18next,199478365,https://github.com/VACincoming/fialka,^17.0.6
ibm_db,51463600,https://github.com/szbra/orders-api-toolchain-demo-1455130236039,>=0.0.1
jstestdriver,4727039,https://github.com/jsxgraph/JessieCode,>= 1.0.x
just-extend,175130053,https://github.com/davojta/figma-extract-text,>=4.0.0
hapi,161594035,https://github.com/wyorsdm/hapi-server,^17.8.1
hawk,164024069,https://github.com/depshield-load-cpeters2d/depshield-load-test-30,2.3.1
fastify,175323233,https://github.com/millette/lll,^2.7.1
electron-packager,108045714,https://github.com/esgaspar/voluntariosSa,^6.0.0
electron,228550903,https://github.com/trungleduc/react-chart-editor-electron,^7.1.5
ecstatic,50305833,https://github.com/jekrb/warrywarez,^1.4.0
decamelize,47182226,https://github.com/SuperAwesomeLTD/sa-kws-node-sdk,~1.1.1
csv-parse,44569426,https://github.com/mauro0x52/FWKNN,^1.0.0
cookie-signature,35604730,https://github.com/hongqi/json2html,^1.0.6
closurecompiler,65643173,https://github.com/nolanlawson/cost-of-small-modules,^1.6.0
brace-expansion,111754399,https://github.com/JShellBlog/HexoBlog,^1.1.11
blueimp-file-upload,78958721,https://github.com/davidmottet/test-ws-interactive,9.10.4
atob,176623129,https://github.com/unchai/dosirak-order-bot,^2.1.2
anywhere,40124603,https://github.com/linxixuan/react-validate-demo,^1.2.0
adm-zip,180028931,https://github.com/Woyken/pixelplanet.fun-bot,^0.4.13
Haraka,88293578,https://github.com/navyvet1125/Cre8rz,^2.8.23
